timestamp,game_name,rendering_enabled,jax_backend,cpu_name,gpu_name,total_vram_mb,spawned_instances,total_steps,total_runtime_secs,compilation_time_secs,steps_per_second,cpu_percent_avg,ram_percent_avg,gpu_percent_avg,gpu_vram_mb_avg
2025-10-18 16:52:38,pong,False,gpu,12th Gen Intel(R) Core(TM) i9-12900KF,NVIDIA GeForce RTX 5070,12227.0,128,3200000,0.8288564682006836,0.91556715965271,3860740.8191513475,6.028571428571429,12.442857142857141,4.0,1512.857142857143
2025-10-18 16:52:43,pong,True,gpu,12th Gen Intel(R) Core(TM) i9-12900KF,NVIDIA GeForce RTX 5070,12227.0,128,3200000,3.143094778060913,0.8388829231262207,1018104.8380520659,4.977777777777778,12.522222222222226,48.407407407407405,1514.2592592592594
2025-10-18 17:25:37,pong,False,gpu,12th Gen Intel(R) Core(TM) i9-12900KF,NVIDIA GeForce RTX 5070,12227.0,128,3200000,0.7911646366119385,0.9265754222869873,4044670.163347532,4.971428571428572,12.714285714285714,0.0,1264.7142857142858
2025-10-18 17:25:43,pong,True,gpu,12th Gen Intel(R) Core(TM) i9-12900KF,NVIDIA GeForce RTX 5070,12227.0,128,3200000,4.366906642913818,0.8417994976043701,732784.1563072207,4.7648648648648635,12.699999999999998,65.05405405405405,1277.6216216216217
2025-10-18 20:32:26,kangaroo,False,gpu,12th Gen Intel(R) Core(TM) i9-12900KF,NVIDIA GeForce RTX 5070,12227.0,128,3200000,3.223492383956909,2.5200114250183105,992712.1329419517,5.796296296296295,12.537037037037042,18.77777777777778,1229.3333333333333
2025-10-18 20:32:50,kangaroo,True,gpu,12th Gen Intel(R) Core(TM) i9-12900KF,NVIDIA GeForce RTX 5070,12227.0,128,3200000,20.104156970977783,2.9439330101013184,159171.0612198013,4.763005780346821,12.724277456647398,75.95375722543352,1264.092485549133
2025-10-18 20:35:38,kangaroo,False,gpu,12th Gen Intel(R) Core(TM) i9-12900KF,NVIDIA GeForce RTX 5070,12227.0,128,3200000,3.1437275409698486,2.4695658683776855,1017899.9160381409,5.12962962962963,8.503703703703703,14.074074074074074,1092.0
2025-10-18 20:35:56,kangaroo,True,gpu,12th Gen Intel(R) Core(TM) i9-12900KF,NVIDIA GeForce RTX 5070,12227.0,128,3200000,14.05061388015747,2.8064358234405518,227748.05622685977,4.683471074380166,8.527272727272727,64.61157024793388,1127.0
2025-10-19 13:55:24,pong,False,gpu,12th Gen Intel(R) Core(TM) i9-12900KF,NVIDIA GeForce RTX 5070,12227.0,128,3200000,0.8570888042449951,0.9416437149047852,3733568.778580491,8.67142857142857,11.799999999999999,0.0,1184.4285714285713
2025-10-19 13:55:31,pong,True,gpu,12th Gen Intel(R) Core(TM) i9-12900KF,NVIDIA GeForce RTX 5070,12227.0,128,3200000,4.30681586265564,0.8750667572021484,743008.3156670732,10.14166666666667,11.916666666666666,53.5,1232.4166666666667
2025-10-19 13:55:49,kangaroo,False,gpu,12th Gen Intel(R) Core(TM) i9-12900KF,NVIDIA GeForce RTX 5070,12227.0,128,3200000,3.174499273300171,2.5330870151519775,1008032.9918215161,5.36153846153846,12.234615384615385,10.961538461538462,1173.6153846153845
2025-10-19 16:58:53,kangaroo,False,gpu,12th Gen Intel(R) Core(TM) i9-12900KF,NVIDIA GeForce RTX 5070,12227.0,128,3200000,3.4257869720458984,2.6564295291900635,934091.9403663161,8.092857142857143,15.453571428571433,29.285714285714285,1327.0
2025-10-19 16:59:18,kangaroo,True,gpu,12th Gen Intel(R) Core(TM) i9-12900KF,NVIDIA GeForce RTX 5070,12227.0,128,3200000,20.824652194976807,3.1127917766571045,153664.0309782405,9.717514124293785,15.905649717514125,74.85310734463278,1961.9096045197741
2025-10-19 16:59:42,breakout,False,gpu,12th Gen Intel(R) Core(TM) i9-12900KF,NVIDIA GeForce RTX 5070,12227.0,128,3200000,1.5521857738494873,1.286548137664795,2061608.8962494887,9.63076923076923,15.384615384615385,4.0,1351.3076923076924
2025-10-19 17:00:01,freeway,False,gpu,12th Gen Intel(R) Core(TM) i9-12900KF,NVIDIA GeForce RTX 5070,12227.0,128,3200000,0.9974081516265869,1.1997077465057373,3208315.4672251237,7.4,15.3625,13.375,1351.5
2025-10-19 17:00:08,freeway,True,gpu,12th Gen Intel(R) Core(TM) i9-12900KF,NVIDIA GeForce RTX 5070,12227.0,128,3200000,4.63045597076416,1.3426814079284668,691076.6499463997,6.6,15.48205128205128,51.30769230769231,1358.2820512820513
2025-10-19 17:11:41,breakout,False,gpu,12th Gen Intel(R) Core(TM) i9-12900KF,NVIDIA GeForce RTX 5070,12227.0,128,3200000,1.5437781810760498,1.3048474788665771,2072836.6544016865,6.6000000000000005,15.515384615384615,4.0,1406.4615384615386
2025-10-19 17:14:41,breakout,False,gpu,12th Gen Intel(R) Core(TM) i9-12900KF,NVIDIA GeForce RTX 5070,12227.0,128,3200000,1.564864158630371,1.2499547004699707,2044905.931515974,8.084615384615384,15.892307692307693,0.0,1346.6153846153845
2025-10-19 22:29:46,breakout,False,gpu,12th Gen Intel(R) Core(TM) i9-12900KF,NVIDIA GeForce RTX 5070,12227.0,128,3200000,1.4830164909362793,1.296809434890747,2157764.272722099,6.316666666666666,11.541666666666664,0.0,1404.0
2025-10-19 22:31:24,breakout,False,gpu,12th Gen Intel(R) Core(TM) i9-12900KF,NVIDIA GeForce RTX 5070,12227.0,128,3200000,1.4771413803100586,1.240365743637085,2166346.459895603,5.308333333333333,11.641666666666666,7.583333333333333,1394.3333333333333
2025-10-19 22:50:20,breakout,False,gpu,12th Gen Intel(R) Core(TM) i9-12900KF,NVIDIA GeForce RTX 5070,12227.0,128,3200000,1.4625561237335205,1.2068111896514893,2187950.225001447,5.341666666666666,12.300000000000002,0.0,1192.3333333333333
2025-10-19 22:52:57,breakout,True,gpu,12th Gen Intel(R) Core(TM) i9-12900KF,NVIDIA GeForce RTX 5070,12227.0,128,3200000,153.94150400161743,1.6602370738983154,20787.116643776444,5.044167337087691,13.037811745776347,98.47144006436042,3323.334674175382
2025-10-19 22:54:40,breakout,False,gpu,12th Gen Intel(R) Core(TM) i9-12900KF,NVIDIA GeForce RTX 5070,12227.0,10,250000,1.442612886428833,1.2788631916046143,173296.66354143788,5.091666666666667,12.233333333333334,23.25,1147.3333333333333
2025-10-19 22:54:58,breakout,True,gpu,12th Gen Intel(R) Core(TM) i9-12900KF,NVIDIA GeForce RTX 5070,12227.0,10,250000,15.362919092178345,1.545433521270752,16272.94907302359,5.468503937007873,12.80236220472441,84.85039370078741,1740.0708661417323
2025-10-19 23:03:18,breakout,False,gpu,12th Gen Intel(R) Core(TM) i9-12900KF,NVIDIA GeForce RTX 5070,12227.0,10,250000,1.5110723972320557,1.326054334640503,165445.41509589064,6.216666666666668,12.975,6.666666666666667,1165.6666666666667
2025-10-19 23:03:23,breakout,True,gpu,12th Gen Intel(R) Core(TM) i9-12900KF,NVIDIA GeForce RTX 5070,12227.0,10,250000,3.132721185684204,1.2920591831207275,79802.82482285399,7.0888888888888895,13.070370370370373,29.77777777777778,1195.9259259259259
2025-10-19 23:03:33,breakout,False,gpu,12th Gen Intel(R) Core(TM) i9-12900KF,NVIDIA GeForce RTX 5070,12227.0,128,3200000,1.4646060466766357,1.250708818435669,2184887.8797552274,5.15,12.9,7.583333333333333,1179.3333333333333
2025-10-19 23:03:40,breakout,True,gpu,12th Gen Intel(R) Core(TM) i9-12900KF,NVIDIA GeForce RTX 5070,12227.0,128,3200000,4.014808893203735,1.1714298725128174,797049.1460793954,4.876470588235294,12.99705882352941,50.64705882352941,1240.0
2025-10-19 23:04:33,breakout,False,gpu,12th Gen Intel(R) Core(TM) i9-12900KF,NVIDIA GeForce RTX 5070,12227.0,128,3200000,1.4765069484710693,1.2160019874572754,2167277.304934878,5.2666666666666675,12.800000000000002,15.166666666666666,1191.3333333333333
2025-10-19 23:04:40,breakout,True,gpu,12th Gen Intel(R) Core(TM) i9-12900KF,NVIDIA GeForce RTX 5070,12227.0,128,3200000,4.0560808181762695,1.189485788345337,788938.9150383872,4.917142857142857,12.94,53.628571428571426,1252.0
2025-10-19 23:07:38,breakout,False,gpu,12th Gen Intel(R) Core(TM) i9-12900KF,NVIDIA GeForce RTX 5070,12227.0,128,3200000,1.473459243774414,1.2366371154785156,2171760.1036611493,5.541666666666667,12.733333333333334,0.0,1172.3333333333333
2025-10-19 23:07:43,breakout,True,gpu,12th Gen Intel(R) Core(TM) i9-12900KF,NVIDIA GeForce RTX 5070,12227.0,128,3200000,2.953810453414917,1.1540815830230713,1083346.4267486974,4.996,12.699999999999998,27.72,1201.0
2025-10-19 23:23:16,breakout,False,gpu,12th Gen Intel(R) Core(TM) i9-12900KF,NVIDIA GeForce RTX 5070,12227.0,128,3200000,1.566331386566162,1.301067590713501,2042990.408955092,9.407692307692308,13.0,2.0,1219.8461538461538
2025-10-19 23:23:23,breakout,True,gpu,12th Gen Intel(R) Core(TM) i9-12900KF,NVIDIA GeForce RTX 5070,12227.0,128,3200000,4.223484516143799,1.301865577697754,757668.2210549978,8.262857142857142,13.094285714285716,52.285714285714285,1264.5142857142857
2025-10-19 23:28:50,breakout,False,gpu,12th Gen Intel(R) Core(TM) i9-12900KF,NVIDIA GeForce RTX 5070,12227.0,128,3200000,1.4657084941864014,1.3369100093841553,2183244.494176371,5.2666666666666675,13.483333333333334,0.5,1184.5833333333333
2025-10-19 23:28:57,breakout,True,gpu,12th Gen Intel(R) Core(TM) i9-12900KF,NVIDIA GeForce RTX 5070,12227.0,128,3200000,3.9828696250915527,1.2215797901153564,803440.8105754761,4.8999999999999995,13.547058823529413,51.26470588235294,1235.6470588235295
2025-10-19 23:32:57,breakout,False,gpu,12th Gen Intel(R) Core(TM) i9-12900KF,NVIDIA GeForce RTX 5070,12227.0,128,3200000,1.479133129119873,1.2282865047454834,2163429.3337098686,5.325,13.300000000000002,0.0,1176.3333333333333
2025-10-19 23:33:03,breakout,True,gpu,12th Gen Intel(R) Core(TM) i9-12900KF,NVIDIA GeForce RTX 5070,12227.0,128,3200000,3.0231802463531494,1.1455881595611572,1058487.9958315908,5.065384615384616,13.300000000000002,32.15384615384615,1204.7692307692307
2025-10-19 23:34:29,freeway,False,gpu,12th Gen Intel(R) Core(TM) i9-12900KF,NVIDIA GeForce RTX 5070,12227.0,128,3200000,0.9814257621765137,1.1010780334472656,3260562.462619018,7.5375000000000005,13.0,2.625,1183.125
2025-10-19 23:34:35,freeway,True,gpu,12th Gen Intel(R) Core(TM) i9-12900KF,NVIDIA GeForce RTX 5070,12227.0,128,3200000,3.1000967025756836,1.344261646270752,1032225.8648710257,6.011538461538462,13.096153846153847,41.84615384615385,1229.2692307692307
2025-10-20 00:35:07,freeway,False,gpu,12th Gen Intel(R) Core(TM) i9-12900KF,NVIDIA GeForce RTX 5070,12227.0,128,3200000,0.9812397956848145,1.1088027954101562,3261180.410815581,6.15,15.5,0.0,1412.0
2025-10-20 00:35:18,freeway,True,gpu,12th Gen Intel(R) Core(TM) i9-12900KF,NVIDIA GeForce RTX 5070,12227.0,128,3200000,8.29206371307373,1.3382961750030518,385911.16888727003,5.335714285714285,15.67142857142857,78.17142857142858,1496.0
2025-10-20 00:36:09,freeway,False,gpu,12th Gen Intel(R) Core(TM) i9-12900KF,NVIDIA GeForce RTX 5070,12227.0,128,3200000,1.0122671127319336,1.1284377574920654,3161220.946281416,8.024999999999999,15.5625,12.875,1435.875
2025-10-20 00:36:16,freeway,True,gpu,12th Gen Intel(R) Core(TM) i9-12900KF,NVIDIA GeForce RTX 5070,12227.0,128,3200000,4.372968673706055,1.3116841316223145,731768.333773136,6.3810810810810805,15.716216216216223,55.945945945945944,1445.1351351351352
2025-10-20 00:37:30,freeway,False,gpu,12th Gen Intel(R) Core(TM) i9-12900KF,NVIDIA GeForce RTX 5070,12227.0,128,3200000,0.9892785549163818,1.1240301132202148,3234680.448794807,6.5,15.5375,9.625,1365.5
2025-10-20 00:37:38,freeway,True,gpu,12th Gen Intel(R) Core(TM) i9-12900KF,NVIDIA GeForce RTX 5070,12227.0,128,3200000,4.448019027709961,1.362715482711792,719421.3828818765,5.621052631578946,15.70526315789474,45.0,1392.4736842105262
2025-10-20 12:46:43,pong,False,gpu,12th Gen Intel(R) Core(TM) i9-12900KF,NVIDIA GeForce RTX 5070,12227.0,128,3200000,0.8045530319213867,0.9470124244689941,3977363.6703076568,5.185714285714286,11.414285714285715,12.857142857142858,1063.142857142857
2025-10-20 12:58:10,pong,False,gpu,12th Gen Intel(R) Core(TM) i9-12900KF,NVIDIA GeForce RTX 5070,12227.0,128,3200000,0.8217072486877441,0.9168400764465332,3894330.9860176584,12.87142857142857,11.400000000000002,0.0,1049.4285714285713
2025-10-20 12:58:15,pong,True,gpu,12th Gen Intel(R) Core(TM) i9-12900KF,NVIDIA GeForce RTX 5070,12227.0,128,3200000,3.3009891510009766,0.8462541103363037,969406.3971793567,6.082142857142858,11.514285714285718,50.642857142857146,1093.6785714285713
2025-10-20 13:19:55,seaquest,False,gpu,12th Gen Intel(R) Core(TM) i9-12900KF,NVIDIA GeForce RTX 5070,12227.0,128,3200000,11.395200729370117,3.9260785579681396,280819.97640921624,5.032989690721649,12.299999999999999,59.896907216494846,1143.8865979381444
2025-10-20 13:20:38,seaquest,True,gpu,12th Gen Intel(R) Core(TM) i9-12900KF,NVIDIA GeForce RTX 5070,12227.0,128,3200000,38.184940338134766,4.321254253387451,83802.6712013533,5.2611620795107035,12.63058103975535,74.80733944954129,1184.7920489296637
2025-10-20 14:01:14,tetris,False,gpu,12th Gen Intel(R) Core(TM) i9-12900KF,NVIDIA GeForce RTX 5070,12227.0,128,3200000,3.6744754314422607,3.76125168800354,870872.6074524261,5.848387096774192,13.31612903225806,0.0,1195.225806451613
2025-10-20 14:01:29,tetris,True,gpu,12th Gen Intel(R) Core(TM) i9-12900KF,NVIDIA GeForce RTX 5070,12227.0,128,3200000,9.487811803817749,3.9398117065429688,337274.81806841586,5.283950617283951,13.55679012345679,48.30864197530864,1264.0
2025-10-20 14:54:54,atlantis,False,gpu,12th Gen Intel(R) Core(TM) i9-12900KF,NVIDIA GeForce RTX 5070,12227.0,128,3200000,5.47975754737854,3.6662302017211914,583967.4424155586,9.410869565217393,13.706521739130427,48.23913043478261,1260.4565217391305
2025-10-20 14:55:40,atlantis,True,gpu,12th Gen Intel(R) Core(TM) i9-12900KF,NVIDIA GeForce RTX 5070,12227.0,128,3200000,41.62269043922424,3.0644354820251465,76881.14262273625,9.320903954802262,14.137288135593217,85.30225988700565,1261.5903954802259
2025-10-20 14:59:43,asteroids,False,gpu,12th Gen Intel(R) Core(TM) i9-12900KF,NVIDIA GeForce RTX 5070,12227.0,128,3200000,18.527324676513672,4.572628021240234,172717.8670354122,5.167295597484277,14.182389937106919,51.301886792452834,1234.7295597484276
2025-10-20 15:00:20,asteroids,True,gpu,12th Gen Intel(R) Core(TM) i9-12900KF,NVIDIA GeForce RTX 5070,12227.0,128,3200000,31.32141876220703,4.820634841918945,102166.50862128811,5.245149253731343,14.31268656716418,64.93283582089552,1271.5223880597016
2025-10-29 11:44:51,pong,False,gpu,12th Gen Intel(R) Core(TM) i9-12900KF,NVIDIA GeForce RTX 5070,12227.0,128,3200000,0.8689210414886475,0.9510993957519531,3682728.1734571834,11.185714285714285,13.114285714285714,2.0,1463.142857142857
2025-10-29 11:44:58,pong,True,gpu,12th Gen Intel(R) Core(TM) i9-12900KF,NVIDIA GeForce RTX 5070,12227.0,128,3200000,4.256525278091431,0.8843123912811279,751786.9132530648,6.486111111111111,13.269444444444446,48.69444444444444,1437.5555555555557
2025-10-29 11:45:22,pong,False,gpu,12th Gen Intel(R) Core(TM) i9-12900KF,NVIDIA GeForce RTX 5070,12227.0,128,3200000,0.7879114151000977,0.9218802452087402,4061370.2742121923,5.514285714285714,13.085714285714285,0.0,1422.0
2025-10-29 11:45:28,pong,True,gpu,12th Gen Intel(R) Core(TM) i9-12900KF,NVIDIA GeForce RTX 5070,12227.0,128,3200000,4.202601909637451,0.8162078857421875,761433.0523816034,4.847222222222222,13.26388888888889,55.333333333333336,1438.6666666666667
2025-10-29 11:48:54,pong,False,gpu,12th Gen Intel(R) Core(TM) i9-12900KF,NVIDIA GeForce RTX 5070,12227.0,128,3200000,0.8334629535675049,0.9614613056182861,3839402.8028515386,7.242857142857142,13.085714285714285,3.0,1349.0
2025-10-29 11:49:00,pong,True,gpu,12th Gen Intel(R) Core(TM) i9-12900KF,NVIDIA GeForce RTX 5070,12227.0,128,3200000,4.413901329040527,0.8439738750457764,724982.2235368367,6.7081081081081075,13.289189189189193,57.486486486486484,1388.7027027027027
2025-10-29 17:47:30,timepilot,False,gpu,12th Gen Intel(R) Core(TM) i9-12900KF,NVIDIA GeForce RTX 5070,12227.0,128,3200000,4.9124369621276855,3.7681190967559814,651407.8500488297,5.545238095238095,15.802380952380949,22.142857142857142,1444.6666666666667
2025-10-29 17:47:55,timepilot,True,gpu,12th Gen Intel(R) Core(TM) i9-12900KF,NVIDIA GeForce RTX 5070,12227.0,128,3200000,17.35720992088318,4.633167266845703,184361.42759038406,4.963513513513513,15.961486486486487,61.12837837837838,1478.3243243243244
2025-10-29 17:48:45,timepilot,False,gpu,12th Gen Intel(R) Core(TM) i9-12900KF,NVIDIA GeForce RTX 5070,12227.0,128,3200000,5.001812219619751,3.874393939971924,639768.1199321935,6.166666666666667,16.011904761904763,26.38095238095238,1435.4761904761904
2025-10-29 17:49:05,timepilot,True,gpu,12th Gen Intel(R) Core(TM) i9-12900KF,NVIDIA GeForce RTX 5070,12227.0,128,3200000,12.741258382797241,4.5526509284973145,251152.58664878167,5.113761467889909,16.08165137614678,50.25688073394495,1467.8623853211009
2025-10-29 17:57:19,timepilot,False,gpu,12th Gen Intel(R) Core(TM) i9-12900KF,NVIDIA GeForce RTX 5070,12227.0,128,3200000,5.406806468963623,4.074035882949829,591846.5952811098,12.946666666666665,16.50222222222222,26.88888888888889,2924.3333333333335
2025-10-29 17:57:48,timepilot,True,gpu,12th Gen Intel(R) Core(TM) i9-12900KF,NVIDIA GeForce RTX 5070,12227.0,128,3200000,20.381039142608643,5.181463956832886,157008.6774088998,8.058959537572253,17.04104046242775,60.809248554913296,1920.5028901734104
2025-10-29 18:48:00,berzerk,False,gpu,12th Gen Intel(R) Core(TM) i9-12900KF,NVIDIA GeForce RTX 5070,12227.0,128,3200000,41.85488796234131,7.776820659637451,76454.6306486158,7.17290502793296,17.239664804469278,42.712290502793294,1456.167597765363
2025-10-29 18:49:10,berzerk,True,gpu,12th Gen Intel(R) Core(TM) i9-12900KF,NVIDIA GeForce RTX 5070,12227.0,128,3200000,58.684490442276,8.536861658096313,54528.88788644464,5.10138888888889,17.009722222222223,57.226190476190474,1488.5714285714287
2025-10-29 23:24:09,berzerk,False,gpu,12th Gen Intel(R) Core(TM) i9-12900KF,NVIDIA GeForce RTX 5070,12227.0,128,3200000,40.38856387138367,7.357265949249268,79230.34872421602,5.5642651296829975,16.976368876080695,42.783861671469744,1320.8472622478387
2025-10-29 23:25:20,berzerk,True,gpu,12th Gen Intel(R) Core(TM) i9-12900KF,NVIDIA GeForce RTX 5070,12227.0,128,3200000,58.94496035575867,8.984137773513794,54287.93200786968,4.6976377952755906,7.665551181102363,56.625984251968504,1030.017716535433
2025-10-30 12:24:35,berzerk,False,gpu,12th Gen Intel(R) Core(TM) i9-12900KF,NVIDIA GeForce RTX 5070,12227.0,128,3200000,33.42601442337036,5.316071271896362,95733.8185602728,4.8567944250871085,14.856794425087108,41.47735191637631,1545.3066202090592
2025-10-30 12:25:36,berzerk,True,gpu,12th Gen Intel(R) Core(TM) i9-12900KF,NVIDIA GeForce RTX 5070,12227.0,128,3200000,51.93361043930054,6.547534704208374,61617.12950306289,4.975955056179775,15.228314606741574,58.2876404494382,1587.038202247191
2025-10-30 12:51:44,berzerk,False,gpu,12th Gen Intel(R) Core(TM) i9-12900KF,NVIDIA GeForce RTX 5070,12227.0,128,3200000,39.43185043334961,7.525508403778076,81152.67137688243,5.0878698224852075,15.805325443786984,42.0414201183432,1326.7781065088757
2025-10-30 12:52:54,berzerk,True,gpu,12th Gen Intel(R) Core(TM) i9-12900KF,NVIDIA GeForce RTX 5070,12227.0,128,3200000,58.32045269012451,8.714274168014526,54869.258594452935,5.1643286573146305,16.047895791583166,56.012024048096194,1365.0200400801602
2025-10-30 13:02:54,berzerk,False,gpu,12th Gen Intel(R) Core(TM) i9-12900KF,NVIDIA GeForce RTX 5070,12227.0,128,3200000,34.93207621574402,5.510557174682617,91606.34999867967,4.986000000000001,15.421333333333331,43.81666666666667,1279.24
2025-10-30 13:03:57,berzerk,True,gpu,12th Gen Intel(R) Core(TM) i9-12900KF,NVIDIA GeForce RTX 5070,12227.0,128,3200000,53.72939991950989,6.679483652114868,59557.709648605916,4.989130434782609,15.503478260869565,59.280434782608694,1318.9760869565218
2025-11-01 18:33:16,choppercommand,False,gpu,12th Gen Intel(R) Core(TM) i9-12900KF,NVIDIA GeForce RTX 5070,12227.0,128,3200000,31.836442947387695,12.005012273788452,100513.7416038676,6.115867158671587,13.587822878228778,57.53136531365314,1317.420664206642
2025-11-01 18:59:58,choppercommand,False,gpu,12th Gen Intel(R) Core(TM) i9-12900KF,NVIDIA GeForce RTX 5070,12227.0,128,3200000,30.959222078323364,11.52946662902832,103361.77026361832,5.412830188679246,14.286792452830191,58.675471698113206,1362.8188679245284
2025-11-01 19:34:41,choppercommand,False,gpu,12th Gen Intel(R) Core(TM) i9-12900KF,NVIDIA GeForce RTX 5070,12227.0,128,3200000,31.066659450531006,11.884319067001343,103004.31577123764,5.372830188679246,14.769056603773585,58.241509433962264,1364.0
2025-11-01 19:36:25,choppercommand,True,gpu,12th Gen Intel(R) Core(TM) i9-12900KF,NVIDIA GeForce RTX 5070,12227.0,128,3200000,64.14708685874939,13.034564733505249,49885.35187960034,5.175956284153006,15.076867030965394,65.04189435336977,1364.2349726775956
2025-11-01 20:02:10,kingkong,False,gpu,12th Gen Intel(R) Core(TM) i9-12900KF,NVIDIA GeForce RTX 5070,12227.0,128,3200000,4.3873937129974365,3.868313789367676,729362.3981180806,12.097222222222223,15.127777777777775,10.694444444444445,1481.9166666666667
2025-11-01 20:02:31,kingkong,True,gpu,12th Gen Intel(R) Core(TM) i9-12900KF,NVIDIA GeForce RTX 5070,12227.0,128,3200000,14.799940586090088,4.725127458572388,216217.0842096191,5.7656,15.254400000000004,62.408,1429.984
2025-11-01 23:49:08,centipede,False,gpu,12th Gen Intel(R) Core(TM) i9-12900KF,NVIDIA GeForce RTX 5070,12227.0,128,3200000,8.598021507263184,6.356579780578613,372178.6456682852,6.516438356164384,13.946575342465755,29.589041095890412,1180.6849315068494
2025-11-01 23:51:17,pong,False,gpu,12th Gen Intel(R) Core(TM) i9-12900KF,NVIDIA GeForce RTX 5070,12227.0,128,3200000,0.8800122737884521,1.0070924758911133,3636312.918936917,14.657142857142857,13.57142857142857,6.571428571428571,1187.142857142857
2025-11-01 23:51:23,pong,True,gpu,12th Gen Intel(R) Core(TM) i9-12900KF,NVIDIA GeForce RTX 5070,12227.0,128,3200000,4.407360553741455,0.8732874393463135,726058.1386479684,9.705405405405406,13.532432432432433,53.351351351351354,1220.972972972973
2025-11-02 00:03:31,centipede,False,gpu,12th Gen Intel(R) Core(TM) i9-12900KF,NVIDIA GeForce RTX 5070,12227.0,128,3200000,8.922527074813843,6.57203483581543,358642.7895559806,6.182666666666667,14.306666666666663,33.6,1162.3733333333332
2025-11-02 00:04:59,centipede,True,gpu,12th Gen Intel(R) Core(TM) i9-12900KF,NVIDIA GeForce RTX 5070,12227.0,128,3200000,78.8631579875946,7.066643714904785,40576.615008282686,5.170562130177515,14.549704142011832,79.40680473372781,1193.0636094674555
2025-11-02 00:07:43,centipede,False,gpu,12th Gen Intel(R) Core(TM) i9-12900KF,NVIDIA GeForce RTX 5070,12227.0,128,3200000,8.996485948562622,6.534746408462524,355694.43650509644,7.089473684210527,14.828947368421053,26.05263157894737,1326.2105263157894
2025-11-02 00:09:13,centipede,True,gpu,12th Gen Intel(R) Core(TM) i9-12900KF,NVIDIA GeForce RTX 5070,12227.0,128,3200000,80.70614838600159,7.066850185394287,39650.01507313955,7.719158200290277,15.131059506531203,79.75181422351234,1370.4702467343977
2025-11-02 00:11:55,centipede,False,gpu,12th Gen Intel(R) Core(TM) i9-12900KF,NVIDIA GeForce RTX 5070,12227.0,128,3200000,8.93324065208435,6.697497844696045,358212.67159676924,6.164000000000001,14.811999999999998,29.133333333333333,1310.3733333333332
2025-11-02 00:16:36,centipede,False,gpu,12th Gen Intel(R) Core(TM) i9-12900KF,NVIDIA GeForce RTX 5070,12227.0,128,3200000,8.881102561950684,6.746549844741821,360315.62271443225,6.3533333333333335,15.665333333333335,29.12,1286.3733333333332
2025-11-02 00:18:04,centipede,True,gpu,12th Gen Intel(R) Core(TM) i9-12900KF,NVIDIA GeForce RTX 5070,12227.0,128,3200000,79.44485473632812,7.117476940155029,40279.512255646696,5.306461086637299,15.662114537444936,78.62114537444934,1279.9941262848752
2025-11-02 00:26:55,centipede,False,gpu,12th Gen Intel(R) Core(TM) i9-12900KF,NVIDIA GeForce RTX 5070,12227.0,128,3200000,8.909501075744629,6.681647777557373,359167.1377325193,6.114666666666667,15.76533333333333,24.533333333333335,1220.9466666666667
2025-11-02 00:28:39,centipede,True,gpu,12th Gen Intel(R) Core(TM) i9-12900KF,NVIDIA GeForce RTX 5070,12227.0,128,3200000,94.53704261779785,7.319768667221069,33849.16548465794,5.167490729295427,15.15797280593325,90.15451174289245,1239.1619283065513
2025-11-02 00:45:39,turmoil,False,gpu,12th Gen Intel(R) Core(TM) i9-12900KF,NVIDIA GeForce RTX 5070,12227.0,128,3200000,6.97634744644165,5.3240602016448975,458692.7506932283,11.763793103448277,14.894827586206896,23.0,2244.8275862068967
2025-11-02 00:46:11,turmoil,True,gpu,12th Gen Intel(R) Core(TM) i9-12900KF,NVIDIA GeForce RTX 5070,12227.0,128,3200000,23.762112379074097,6.0121846199035645,134668.16202830742,5.088669950738916,14.997044334975367,67.07881773399015,1199.0098522167489
2025-11-02 12:06:04,skiing,False,gpu,12th Gen Intel(R) Core(TM) i9-12900KF,NVIDIA GeForce RTX 5070,12227.0,128,3200000,15.466959238052368,2.5066115856170654,206892.63809057215,5.090151515151515,12.243939393939396,57.21212121212121,1129.1136363636363
2025-11-02 12:06:32,skiing,True,gpu,12th Gen Intel(R) Core(TM) i9-12900KF,NVIDIA GeForce RTX 5070,12227.0,128,3200000,24.627986907958984,1.8556163311004639,129933.47819938387,6.428571428571429,12.24047619047619,63.96666666666667,1145.0190476190476
2025-11-02 12:47:47,haunted_house,False,gpu,12th Gen Intel(R) Core(TM) i9-12900KF,NVIDIA GeForce RTX 5070,12227.0,128,3200000,12.283440828323364,5.379426956176758,260513.32397200842,6.78952380952381,13.95142857142857,48.24761904761905,1251.142857142857
2025-11-02 12:48:22,haunted_house,True,gpu,12th Gen Intel(R) Core(TM) i9-12900KF,NVIDIA GeForce RTX 5070,12227.0,128,3200000,26.00621223449707,7.162886381149292,123047.52307432225,8.390540540540542,14.774774774774775,60.31981981981982,1357.0585585585586
2025-11-02 12:51:09,haunted_house,False,gpu,12th Gen Intel(R) Core(TM) i9-12900KF,NVIDIA GeForce RTX 5070,12227.0,1024,25600000,47.98719644546509,5.582899808883667,533475.6330075053,7.228467153284671,13.329440389294403,85.23114355231144,1528.3649635036497
2025-11-02 12:53:26,haunted_house,True,gpu,12th Gen Intel(R) Core(TM) i9-12900KF,NVIDIA GeForce RTX 5070,12227.0,1024,25600000,128.1551764011383,6.88142204284668,199757.83045914184,9.833240997229918,14.704893813481071,91.5983379501385,1547.9455216989843
2025-11-02 14:37:23,tennis,False,gpu,12th Gen Intel(R) Core(TM) i9-12900KF,NVIDIA GeForce RTX 5070,12227.0,128,3200000,2.229309320449829,1.7293024063110352,1435422.159969396,6.127777777777777,13.850000000000001,3.0,1103.9444444444443
2025-11-02 14:37:38,tennis,True,gpu,12th Gen Intel(R) Core(TM) i9-12900KF,NVIDIA GeForce RTX 5070,12227.0,128,3200000,11.442758083343506,2.0748329162597656,279652.8578768117,12.383505154639174,14.329896907216495,57.8041237113402,1750.1649484536083
2025-11-02 16:47:06,tron,False,gpu,12th Gen Intel(R) Core(TM) i9-12900KF,NVIDIA GeForce RTX 5070,12227.0,128,3200000,15.821751832962036,7.5802903175354,202253.2039298785,10.394776119402986,15.62462686567164,54.17164179104478,1287.4179104477612
2025-11-02 16:47:41,tron,True,gpu,12th Gen Intel(R) Core(TM) i9-12900KF,NVIDIA GeForce RTX 5070,12227.0,128,3200000,25.535255193710327,7.795587539672852,125316.93831625393,7.568663594470046,15.883870967741936,64.70506912442396,1346.0
2025-11-02 17:18:11,videocube,False,gpu,12th Gen Intel(R) Core(TM) i9-12900KF,NVIDIA GeForce RTX 5070,12227.0,128,3200000,1.718881607055664,1.6338415145874023,1861675.6307500424,5.700000000000001,16.0,0.0,1244.7142857142858
2025-11-02 17:18:40,videocube,True,gpu,12th Gen Intel(R) Core(TM) i9-12900KF,NVIDIA GeForce RTX 5070,12227.0,128,3200000,21.838443756103516,3.0512688159942627,146530.58778996777,5.864171122994654,16.329411764705885,63.80748663101604,1297.0
2025-11-02 17:19:30,videocube,False,gpu,12th Gen Intel(R) Core(TM) i9-12900KF,NVIDIA GeForce RTX 5070,12227.0,128,3200000,1.8014898300170898,1.7629096508026123,1776307.5576006128,10.433333333333332,16.119999999999997,1.0,1251.0
2025-11-02 17:19:55,videocube,True,gpu,12th Gen Intel(R) Core(TM) i9-12900KF,NVIDIA GeForce RTX 5070,12227.0,128,3200000,18.077958822250366,3.257599115371704,177011.13446842445,10.901298701298703,16.571428571428573,59.83766233766234,1271.0
2025-11-02 17:23:32,videocube,False,gpu,12th Gen Intel(R) Core(TM) i9-12900KF,NVIDIA GeForce RTX 5070,12227.0,128,3200000,1.7925782203674316,1.6473982334136963,1785138.2794018795,8.693333333333333,16.546666666666663,12.0,1166.0
2025-11-02 17:23:57,videocube,True,gpu,12th Gen Intel(R) Core(TM) i9-12900KF,NVIDIA GeForce RTX 5070,12227.0,128,3200000,17.276738166809082,3.0216104984283447,185220.147987635,4.989864864864865,16.835135135135136,58.527027027027025,1186.0
2025-11-02 18:05:05,videocube,False,gpu,12th Gen Intel(R) Core(TM) i9-12900KF,NVIDIA GeForce RTX 5070,12227.0,128,3200000,1.7397401332855225,1.6495139598846436,1839355.1650479876,5.706666666666666,16.38666666666667,18.0,1254.5333333333333
2025-11-02 18:05:28,videocube,True,gpu,12th Gen Intel(R) Core(TM) i9-12900KF,NVIDIA GeForce RTX 5070,12227.0,128,3200000,16.40413188934326,2.8972246646881104,195072.80370495192,5.006428571428572,16.725714285714282,56.292857142857144,1274.0
2025-11-02 20:56:42,frostbite,False,gpu,12th Gen Intel(R) Core(TM) i9-12900KF,NVIDIA GeForce RTX 5070,12227.0,128,3200000,6.677567481994629,5.196711540222168,479216.42254136247,5.255357142857142,17.289285714285715,25.446428571428573,1244.7142857142858
2025-11-02 20:58:12,frostbite,True,gpu,12th Gen Intel(R) Core(TM) i9-12900KF,NVIDIA GeForce RTX 5070,12227.0,128,3200000,82.43379497528076,6.1461992263793945,38819.030483305745,5.076412429378531,17.723870056497177,84.99435028248588,1248.9237288135594
2025-11-02 20:59:07,frostbite,False,gpu,12th Gen Intel(R) Core(TM) i9-12900KF,NVIDIA GeForce RTX 5070,12227.0,128,3200000,6.652120113372803,5.195743560791016,481049.6421384542,5.258928571428571,17.65178571428572,31.892857142857142,1255.7142857142858
2025-11-02 20:59:55,frostbite,True,gpu,12th Gen Intel(R) Core(TM) i9-12900KF,NVIDIA GeForce RTX 5070,12227.0,128,3200000,39.540433406829834,5.886813402175903,80929.81599557436,5.287020648967552,17.677876106194688,74.47492625368731,1298.0
2025-11-02 21:24:25,frostbite,False,gpu,12th Gen Intel(R) Core(TM) i9-12900KF,NVIDIA GeForce RTX 5070,12227.0,128,3200000,6.64856743812561,5.187158584594727,481306.6919724524,5.216071428571429,16.678571428571427,31.892857142857142,1125.857142857143
2025-11-02 21:25:55,frostbite,True,gpu,12th Gen Intel(R) Core(TM) i9-12900KF,NVIDIA GeForce RTX 5070,12227.0,128,3200000,82.33995485305786,6.0509583950042725,38863.2712479701,5.119915254237289,16.950141242937853,84.98305084745763,1194.334745762712
2025-11-03 14:27:33,frostbite,False,gpu,12th Gen Intel(R) Core(TM) i9-12900KF,NVIDIA GeForce RTX 5070,12227.0,128,3200000,6.697614908218384,5.202173948287964,477782.0229815548,5.285964912280701,13.473684210526315,28.035087719298247,1409.877192982456
2025-11-03 14:29:05,frostbite,True,gpu,12th Gen Intel(R) Core(TM) i9-12900KF,NVIDIA GeForce RTX 5070,12227.0,128,3200000,82.77621221542358,6.2811667919158936,38658.44926163157,5.101820728291317,13.708683473389353,85.48039215686275,1488.59243697479
2025-11-04 13:15:05,phoenix,False,gpu,12th Gen Intel(R) Core(TM) i9-12900KF,NVIDIA GeForce RTX 5070,12227.0,128,3200000,3.636723756790161,3.1954097747802734,879912.8594865777,5.51,16.153333333333332,12.533333333333333,1368.0
2025-11-04 13:16:27,phoenix,True,gpu,12th Gen Intel(R) Core(TM) i9-12900KF,NVIDIA GeForce RTX 5070,12227.0,128,3200000,77.06105613708496,3.622692584991455,41525.514448017384,4.952193645990923,16.21860816944024,83.18305597579425,1404.4856278366112
2025-11-04 13:17:03,phoenix,False,gpu,12th Gen Intel(R) Core(TM) i9-12900KF,NVIDIA GeForce RTX 5070,12227.0,128,3200000,3.750497341156006,3.2146551609039307,853220.1755977442,6.351612903225806,16.661290322580644,6.064516129032258,1422.9354838709678
2025-11-04 13:18:01,phoenix,True,gpu,12th Gen Intel(R) Core(TM) i9-12900KF,NVIDIA GeForce RTX 5070,12227.0,128,3200000,52.43424344062805,3.6070609092712402,61028.81990894748,8.571300448430494,16.418161434977584,74.69282511210763,1442.5717488789237
2025-11-04 13:19:28,phoenix,False,gpu,12th Gen Intel(R) Core(TM) i9-12900KF,NVIDIA GeForce RTX 5070,12227.0,128,3200000,3.6053109169006348,3.2307915687561035,887579.4830896119,5.74,16.399999999999995,6.333333333333333,1401.3333333333333
2025-11-04 13:20:45,phoenix,True,gpu,12th Gen Intel(R) Core(TM) i9-12900KF,NVIDIA GeForce RTX 5070,12227.0,128,3200000,72.2557430267334,3.5021543502807617,44287.137132006996,6.407108239095315,16.394991922455574,71.11147011308562,1465.8804523424878
2025-11-04 13:21:15,seaquest,False,gpu,12th Gen Intel(R) Core(TM) i9-12900KF,NVIDIA GeForce RTX 5070,12227.0,128,3200000,11.532837867736816,3.9552359580993652,277468.5672944401,5.641836734693879,16.01734693877551,56.16326530612245,1304.6326530612246
2025-11-04 13:21:58,seaquest,True,gpu,12th Gen Intel(R) Core(TM) i9-12900KF,NVIDIA GeForce RTX 5070,12227.0,128,3200000,38.11139273643494,4.3293046951293945,83964.39411516867,5.176615384615385,16.347076923076926,73.92,1328.0
2025-11-04 13:22:18,freeway,False,gpu,12th Gen Intel(R) Core(TM) i9-12900KF,NVIDIA GeForce RTX 5070,12227.0,128,3200000,0.9842331409454346,1.0903079509735107,3251262.192742407,6.275,15.5,0.0,1292.0
2025-11-04 13:22:27,freeway,True,gpu,12th Gen Intel(R) Core(TM) i9-12900KF,NVIDIA GeForce RTX 5070,12227.0,128,3200000,5.931425094604492,1.2374904155731201,539499.3528470709,4.970588235294118,15.701960784313728,70.86274509803921,1316.0
2025-11-04 13:23:07,freeway,False,gpu,12th Gen Intel(R) Core(TM) i9-12900KF,NVIDIA GeForce RTX 5070,12227.0,128,3200000,0.9730520248413086,1.133547067642212,3288621.6957637756,6.3375,15.6,12.5,1297.0
2025-11-04 13:23:16,freeway,True,gpu,12th Gen Intel(R) Core(TM) i9-12900KF,NVIDIA GeForce RTX 5070,12227.0,128,3200000,6.131354331970215,1.2461955547332764,521907.5308230849,6.357692307692308,15.78846153846154,72.86538461538461,1327.1923076923076
2025-11-04 13:24:03,phoenix,False,gpu,12th Gen Intel(R) Core(TM) i9-12900KF,NVIDIA GeForce RTX 5070,12227.0,128,3200000,3.591590404510498,3.2457737922668457,890970.1941461032,5.763333333333334,16.086666666666662,21.933333333333334,1294.3333333333333
2025-11-04 13:25:00,phoenix,True,gpu,12th Gen Intel(R) Core(TM) i9-12900KF,NVIDIA GeForce RTX 5070,12227.0,128,3200000,52.04454755783081,3.501028537750244,61485.78765997009,5.058612975391499,16.478076062639822,73.55704697986577,1334.3489932885907
2025-11-04 13:33:02,phoenix,False,gpu,12th Gen Intel(R) Core(TM) i9-12900KF,NVIDIA GeForce RTX 5070,12227.0,128,3200000,3.6254146099090576,3.217630386352539,882657.6665890004,5.626666666666665,16.236666666666668,25.066666666666666,1328.3333333333333
2025-11-04 13:34:23,phoenix,True,gpu,12th Gen Intel(R) Core(TM) i9-12900KF,NVIDIA GeForce RTX 5070,12227.0,128,3200000,76.09332919120789,3.6422650814056396,42053.62065259382,4.800153139356815,16.24364471669219,71.20980091883614,1371.0
2025-11-04 13:34:59,phoenix,False,gpu,12th Gen Intel(R) Core(TM) i9-12900KF,NVIDIA GeForce RTX 5070,12227.0,128,3200000,3.716872215270996,3.2907071113586426,860938.9332387067,7.1096774193548375,17.154838709677417,27.870967741935484,1555.1290322580646
2025-11-04 13:36:21,phoenix,True,gpu,12th Gen Intel(R) Core(TM) i9-12900KF,NVIDIA GeForce RTX 5070,12227.0,128,3200000,76.25174927711487,3.6633384227752686,41966.250352769326,4.927300613496933,16.299539877300614,71.54141104294479,1448.4248466257668
2025-11-04 13:41:07,phoenix,False,gpu,12th Gen Intel(R) Core(TM) i9-12900KF,NVIDIA GeForce RTX 5070,12227.0,128,3200000,3.744535207748413,3.1547908782958984,854578.6920038491,7.47741935483871,16.212903225806453,10.129032258064516,1340.258064516129
2025-11-04 13:46:13,freeway,False,gpu,12th Gen Intel(R) Core(TM) i9-12900KF,NVIDIA GeForce RTX 5070,12227.0,128,3200000,0.9810380935668945,1.1106646060943604,3261850.911788065,6.825,16.15,6.25,1342.375
2025-11-04 13:46:22,freeway,True,gpu,12th Gen Intel(R) Core(TM) i9-12900KF,NVIDIA GeForce RTX 5070,12227.0,128,3200000,6.048710107803345,1.2352054119110107,529038.4136399148,5.201960784313725,16.198039215686276,72.31372549019608,1350.0
2025-11-04 13:46:50,phoenix,False,gpu,12th Gen Intel(R) Core(TM) i9-12900KF,NVIDIA GeForce RTX 5070,12227.0,128,3200000,3.688277244567871,3.2143328189849854,867613.7361183977,5.941935483870966,16.351612903225803,30.322580645161292,1326.6451612903227
2025-11-04 13:47:33,phoenix,True,gpu,12th Gen Intel(R) Core(TM) i9-12900KF,NVIDIA GeForce RTX 5070,12227.0,128,3200000,36.95016527175903,3.7987875938415527,86603.13090522916,5.429430379746836,16.618354430379746,81.81645569620254,1381.6582278481012
2025-11-04 13:58:38,spaceinvaders,False,gpu,12th Gen Intel(R) Core(TM) i9-12900KF,NVIDIA GeForce RTX 5070,12227.0,128,3200000,24.743436574935913,2.6308019161224365,129327.22543648074,4.865094339622642,15.559905660377353,61.79245283018868,1373.4150943396226
2025-11-04 14:01:21,spaceinvaders,True,gpu,12th Gen Intel(R) Core(TM) i9-12900KF,NVIDIA GeForce RTX 5070,12227.0,128,3200000,158.28436183929443,3.443049669265747,20216.779237161463,5.704418262150222,16.232695139911634,92.29896907216495,1498.677466863034
2025-11-04 14:23:04,spaceinvaders,False,gpu,12th Gen Intel(R) Core(TM) i9-12900KF,NVIDIA GeForce RTX 5070,12227.0,128,3200000,25.059266090393066,2.661149740219116,127697.27526963686,7.479439252336448,16.74532710280374,63.91588785046729,1812.8785046728972
2025-11-04 14:27:35,spaceinvaders,True,gpu,12th Gen Intel(R) Core(TM) i9-12900KF,NVIDIA GeForce RTX 5070,12227.0,128,3200000,266.5378403663635,3.054147481918335,12005.799985478658,6.242381786339754,16.856654991243435,90.78327495621717,1663.4868651488616
2025-11-04 14:40:37,spaceinvaders,False,gpu,12th Gen Intel(R) Core(TM) i9-12900KF,NVIDIA GeForce RTX 5070,12227.0,128,3200000,25.05426287651062,2.5983223915100098,127722.77579158511,8.901869158878506,17.00140186915888,62.88785046728972,1552.7102803738317
2025-11-04 14:42:05,spaceinvaders,True,gpu,12th Gen Intel(R) Core(TM) i9-12900KF,NVIDIA GeForce RTX 5070,12227.0,128,3200000,84.25174450874329,2.931532382965088,37981.40938990192,5.783217753120667,17.371428571428574,70.26074895977808,1571.3578363384188
2025-11-04 15:15:39,spaceinvaders,False,gpu,12th Gen Intel(R) Core(TM) i9-12900KF,NVIDIA GeForce RTX 5070,12227.0,128,3200000,25.12582039833069,2.5912938117980957,127359.0254673874,5.554418604651164,17.30046511627907,63.586046511627906,1515.4744186046512
2025-11-04 15:20:11,spaceinvaders,True,gpu,12th Gen Intel(R) Core(TM) i9-12900KF,NVIDIA GeForce RTX 5070,12227.0,128,3200000,267.48225259780884,2.9999003410339355,11963.410540031522,5.822062035823504,17.329095674967235,90.8086500655308,1634.0838794233289
2025-11-04 15:41:19,spaceinvaders,False,gpu,12th Gen Intel(R) Core(TM) i9-12900KF,NVIDIA GeForce RTX 5070,12227.0,128,3200000,3.594649076461792,2.5126006603240967,890212.0713128847,12.396666666666667,17.42333333333333,24.766666666666666,1546.1333333333334
2025-11-04 15:42:42,spaceinvaders,True,gpu,12th Gen Intel(R) Core(TM) i9-12900KF,NVIDIA GeForce RTX 5070,12227.0,128,3200000,78.64401531219482,2.920527458190918,40689.68232734419,8.936567164179104,17.792388059701494,74.82089552238806,1680.0656716417911
2025-11-04 15:52:08,phoenix,False,gpu,12th Gen Intel(R) Core(TM) i9-12900KF,NVIDIA GeForce RTX 5070,12227.0,128,3200000,3.783400058746338,3.3245956897735596,845800.0608744367,7.109375,17.6125,24.25,1506.9375
2025-11-04 15:53:44,seaquest,False,gpu,12th Gen Intel(R) Core(TM) i9-12900KF,NVIDIA GeForce RTX 5070,12227.0,128,3200000,11.670809268951416,4.069464206695557,274188.35543077206,6.493939393939395,17.314141414141414,52.07070707070707,1557.3434343434344
2025-11-04 15:54:28,seaquest,True,gpu,12th Gen Intel(R) Core(TM) i9-12900KF,NVIDIA GeForce RTX 5070,12227.0,128,3200000,38.437408685684204,4.565685272216797,83252.23029906857,6.045288753799392,17.45197568389058,73.55927051671732,1575.6534954407296
2025-11-04 16:01:28,spaceinvaders,False,gpu,12th Gen Intel(R) Core(TM) i9-12900KF,NVIDIA GeForce RTX 5070,12227.0,128,3200000,3.356088161468506,2.5133936405181885,953491.04255944,6.453571428571429,17.632142857142856,32.07142857142857,1457.5
2025-11-04 16:01:52,spaceinvaders,True,gpu,12th Gen Intel(R) Core(TM) i9-12900KF,NVIDIA GeForce RTX 5070,12227.0,128,3200000,20.61728310585022,3.021740436553955,155209.58719783937,6.973863636363637,18.064204545454547,69.2159090909091,1486.3863636363637
2025-11-04 16:19:03,spaceinvaders,False,gpu,12th Gen Intel(R) Core(TM) i9-12900KF,NVIDIA GeForce RTX 5070,12227.0,128,3200000,3.4087746143341064,2.5009453296661377,938753.7640487592,6.541379310344826,18.089655172413792,19.0,1714.896551724138
2025-11-04 16:19:22,spaceinvaders,True,gpu,12th Gen Intel(R) Core(TM) i9-12900KF,NVIDIA GeForce RTX 5070,12227.0,128,3200000,14.746631622314453,2.88806414604187,216998.70736296094,6.176984126984126,18.179365079365066,67.67460317460318,1740.857142857143
2025-11-04 16:19:55,asterix,False,gpu,12th Gen Intel(R) Core(TM) i9-12900KF,NVIDIA GeForce RTX 5070,12227.0,128,3200000,12.083991050720215,3.4104604721069336,264813.1719535888,6.718446601941747,18.250485436893207,65.69902912621359,1561.2912621359224
2025-11-04 16:20:45,asterix,True,gpu,12th Gen Intel(R) Core(TM) i9-12900KF,NVIDIA GeForce RTX 5070,12227.0,128,3200000,45.24885559082031,3.189758777618408,70720.02061084585,7.259948320413435,18.523514211886305,69.88630490956072,1524.361757105943
2025-11-04 17:13:40,asterix,False,gpu,12th Gen Intel(R) Core(TM) i9-12900KF,NVIDIA GeForce RTX 5070,12227.0,128,3200000,10.72391653060913,3.2904675006866455,298398.44341069635,4.9543478260869565,17.48913043478261,63.369565217391305,1488.9673913043478
2025-11-04 17:14:29,asterix,True,gpu,12th Gen Intel(R) Core(TM) i9-12900KF,NVIDIA GeForce RTX 5070,12227.0,128,3200000,43.57423782348633,2.986471652984619,73437.88806961561,5.199732620320856,17.790106951871657,69.29411764705883,1514.0
2025-11-04 17:40:10,spaceinvaders,False,gpu,12th Gen Intel(R) Core(TM) i9-12900KF,NVIDIA GeForce RTX 5070,12227.0,128,3200000,3.5003867149353027,2.646743059158325,914184.7060344432,7.01,17.526666666666667,38.266666666666666,1272.4
2025-11-04 17:40:35,spaceinvaders,True,gpu,12th Gen Intel(R) Core(TM) i9-12900KF,NVIDIA GeForce RTX 5070,12227.0,128,3200000,20.25376868247986,2.8670473098754883,157995.2872063805,4.972413793103449,17.67701149425287,69.33333333333333,1272.0
2025-11-04 17:41:04,spaceinvaders,False,gpu,12th Gen Intel(R) Core(TM) i9-12900KF,NVIDIA GeForce RTX 5070,12227.0,128,3200000,3.5278496742248535,2.5315840244293213,907068.1280383951,7.570000000000002,17.839999999999996,33.233333333333334,1306.9666666666667
2025-11-04 17:41:23,spaceinvaders,True,gpu,12th Gen Intel(R) Core(TM) i9-12900KF,NVIDIA GeForce RTX 5070,12227.0,128,3200000,14.471208333969116,2.955099582672119,221128.7354967071,5.116935483870969,17.889516129032266,60.75806451612903,1307.0403225806451
2025-11-04 17:45:34,asterix,False,gpu,12th Gen Intel(R) Core(TM) i9-12900KF,NVIDIA GeForce RTX 5070,12227.0,128,3200000,5.263036727905273,3.1874096393585205,608013.9975146294,5.679545454545455,17.665909090909096,38.25,1468.5681818181818
2025-11-04 17:46:04,asterix,True,gpu,12th Gen Intel(R) Core(TM) i9-12900KF,NVIDIA GeForce RTX 5070,12227.0,128,3200000,25.479621171951294,3.0136637687683105,125590.56425543143,9.986175115207374,17.8889400921659,77.3778801843318,1511.0829493087558
2025-11-04 17:47:16,asterix,False,gpu,12th Gen Intel(R) Core(TM) i9-12900KF,NVIDIA GeForce RTX 5070,12227.0,128,3200000,5.3870508670806885,3.293010711669922,594017.038070799,7.354347826086957,17.786956521739125,33.95652173913044,1477.1304347826087
2025-11-04 17:47:37,asterix,True,gpu,12th Gen Intel(R) Core(TM) i9-12900KF,NVIDIA GeForce RTX 5070,12227.0,128,3200000,16.29028606414795,3.0252726078033447,196436.08389680993,6.3877697841726615,17.879136690647485,62.143884892086334,1508.3597122302158
2025-11-04 17:50:08,spacewar,False,gpu,12th Gen Intel(R) Core(TM) i9-12900KF,NVIDIA GeForce RTX 5070,12227.0,128,3200000,1.3829643726348877,1.4772541522979736,2313870.1642061914,5.675,17.283333333333335,15.666666666666666,1461.4166666666667
2025-11-04 17:50:32,spacewar,True,gpu,12th Gen Intel(R) Core(TM) i9-12900KF,NVIDIA GeForce RTX 5070,12227.0,128,3200000,20.7275493144989,1.995558500289917,154383.90479484244,5.278651685393259,17.59325842696629,79.28651685393258,1514.4550561797753
2025-11-04 18:21:03,spacewar,False,gpu,12th Gen Intel(R) Core(TM) i9-12900KF,NVIDIA GeForce RTX 5070,12227.0,128,3200000,1.5115599632263184,1.593026876449585,2117018.2313970695,9.750000000000002,17.191666666666663,1.6666666666666667,1429.25
2025-11-04 18:21:13,spacewar,True,gpu,12th Gen Intel(R) Core(TM) i9-12900KF,NVIDIA GeForce RTX 5070,12227.0,128,3200000,6.914206027984619,1.6336579322814941,462815.25124479824,12.712068965517243,17.46206896551724,64.89655172413794,2559.896551724138
2025-11-04 18:21:22,spacewar,False,gpu,12th Gen Intel(R) Core(TM) i9-12900KF,NVIDIA GeForce RTX 5070,12227.0,128,3200000,1.3836615085601807,1.4646384716033936,2312704.357390036,5.383333333333333,17.400000000000002,16.0,1415.6666666666667
2025-11-04 18:30:00,spacewar,False,gpu,12th Gen Intel(R) Core(TM) i9-12900KF,NVIDIA GeForce RTX 5070,12227.0,128,3200000,1.4291210174560547,1.4144840240478516,2239138.5760292336,7.691666666666667,17.800000000000004,10.416666666666666,1448.1666666666667
2025-11-04 18:30:07,spacewar,True,gpu,12th Gen Intel(R) Core(TM) i9-12900KF,NVIDIA GeForce RTX 5070,12227.0,128,3200000,4.30264139175415,1.519566535949707,743729.1906624333,7.791666666666665,17.96944444444445,43.111111111111114,1444.6944444444443
2025-11-04 18:49:28,sir_lancelot,False,gpu,12th Gen Intel(R) Core(TM) i9-12900KF,NVIDIA GeForce RTX 5070,12227.0,128,3200000,5.099234104156494,4.917369604110718,627545.2224073439,5.986046511627906,18.48837209302326,19.88372093023256,1397.4883720930231
2025-11-04 18:49:50,sir_lancelot,True,gpu,12th Gen Intel(R) Core(TM) i9-12900KF,NVIDIA GeForce RTX 5070,12227.0,128,3200000,16.130380392074585,4.272538900375366,198383.4182591423,5.010869565217392,18.63115942028985,61.21739130434783,1470.072463768116
2025-11-04 18:50:22,sir_lancelot,False,gpu,12th Gen Intel(R) Core(TM) i9-12900KF,NVIDIA GeForce RTX 5070,12227.0,128,3200000,5.200020790100098,4.95732045173645,615382.1550275767,5.606818181818181,18.970454545454544,23.75,1403.4545454545455
2025-11-04 18:50:40,sir_lancelot,True,gpu,12th Gen Intel(R) Core(TM) i9-12900KF,NVIDIA GeForce RTX 5070,12227.0,128,3200000,11.819051742553711,4.315758466720581,270749.3011878959,10.87979797979798,19.229292929292928,42.7979797979798,2008.6363636363637
2025-11-04 19:14:10,videopinball,False,gpu,12th Gen Intel(R) Core(TM) i9-12900KF,NVIDIA GeForce RTX 5070,12227.0,128,3200000,9.27264666557312,7.53395676612854,345101.03915430664,13.261038961038958,18.875324675324684,29.4025974025974,1464.8181818181818
2025-11-04 19:14:36,videopinball,True,gpu,12th Gen Intel(R) Core(TM) i9-12900KF,NVIDIA GeForce RTX 5070,12227.0,128,3200000,16.285274744033813,7.9560487270355225,196496.53139394132,7.6543478260869575,18.93695652173913,48.666666666666664,1516.2028985507247
2025-11-05 14:35:37,pong,False,gpu,12th Gen Intel(R) Core(TM) i9-12900KF,NVIDIA GeForce RTX 5070,12227.0,1,25000,1.141221523284912,0.9872164726257324,21906.35165032601,5.42,13.690000000000001,0.0,1435.4
2025-11-05 14:35:42,pong,True,gpu,12th Gen Intel(R) Core(TM) i9-12900KF,NVIDIA GeForce RTX 5070,12227.0,1,25000,3.296180486679077,1.0170071125030518,7584.536132360779,5.025,13.800000000000002,37.42857142857143,1407.0714285714287
2025-11-05 14:36:00,pong,False,gpu,12th Gen Intel(R) Core(TM) i9-12900KF,NVIDIA GeForce RTX 5070,12227.0,1,25000,1.1584877967834473,1.1083085536956787,21579.856144719648,5.9399999999999995,13.39,9.6,1406.4
2025-11-05 14:36:06,pong,True,gpu,12th Gen Intel(R) Core(TM) i9-12900KF,NVIDIA GeForce RTX 5070,12227.0,1,25000,3.367453098297119,0.9652056694030762,7424.008373759445,4.993103448275861,13.475862068965515,35.241379310344826,1413.0
2025-11-05 14:36:34,seaquest,False,gpu,12th Gen Intel(R) Core(TM) i9-12900KF,NVIDIA GeForce RTX 5070,12227.0,1,25000,11.158729076385498,4.085837364196777,2240.398510338054,5.929787234042555,13.868085106382983,53.61702127659574,1404.6914893617022
2025-11-05 14:36:59,seaquest,True,gpu,12th Gen Intel(R) Core(TM) i9-12900KF,NVIDIA GeForce RTX 5070,12227.0,1,25000,19.359458208084106,4.79434609413147,1291.358452870366,5.111515151515151,14.26969696969697,55.07878787878788,1410.0
2025-11-05 14:38:15,seaquest,False,gpu,12th Gen Intel(R) Core(TM) i9-12900KF,NVIDIA GeForce RTX 5070,12227.0,1,25000,11.484524250030518,4.4046289920806885,2176.8424582266493,5.203092783505155,13.608247422680408,47.23711340206186,1397.381443298969
2025-11-05 14:38:40,seaquest,True,gpu,12th Gen Intel(R) Core(TM) i9-12900KF,NVIDIA GeForce RTX 5070,12227.0,1,25000,19.08167052268982,5.202041864395142,1310.1578276531268,4.97962962962963,13.96172839506173,54.27160493827161,1412.0
2025-12-12 14:26:50,miniature_golf,False,gpu,12th Gen Intel(R) Core(TM) i9-12900KF,NVIDIA GeForce RTX 5070,12227.0,128,3200000,11.197257041931152,2.0720129013061523,285784.2762755857,4.8343750000000005,13.539583333333331,85.59375,1382.8541666666667
2025-12-12 14:27:11,miniature_golf,True,gpu,12th Gen Intel(R) Core(TM) i9-12900KF,NVIDIA GeForce RTX 5070,12227.0,128,3200000,15.162817001342773,2.820427656173706,211042.57867892343,5.184496124031007,13.67906976744186,79.62790697674419,1400.1860465116279
2025-12-16 21:49:04,basicmath,False,gpu,12th Gen Intel(R) Core(TM) i9-12900KF,NVIDIA GeForce RTX 5070,12227.0,128,3200000,1.4457767009735107,1.4543402194976807,2213343.1793756853,6.941666666666667,15.333333333333336,1.0,1326.5
2025-12-16 21:49:18,basicmath,True,gpu,12th Gen Intel(R) Core(TM) i9-12900KF,NVIDIA GeForce RTX 5070,12227.0,128,3200000,10.777196645736694,1.4244189262390137,296923.22643717134,6.067391304347827,15.432608695652181,57.17391304347826,1356.0
2025-12-18 22:09:15,yarsrevenge,False,gpu,12th Gen Intel(R) Core(TM) i9-12900KF,NVIDIA GeForce RTX 5070,12227.0,128,3200000,2.257652997970581,1.859778642654419,1417401.1696556117,6.444444444444445,17.572222222222226,0.9444444444444444,1985.5555555555557
2025-12-18 22:09:26,yarsrevenge,True,gpu,12th Gen Intel(R) Core(TM) i9-12900KF,NVIDIA GeForce RTX 5070,12227.0,128,3200000,7.652542591094971,1.780414342880249,418161.6713540075,6.403174603174603,17.703174603174606,73.33333333333333,2006.5714285714287
2025-12-19 00:18:43,yarsrevenge,False,gpu,12th Gen Intel(R) Core(TM) i9-12900KF,NVIDIA GeForce RTX 5070,12227.0,1024,25600000,2.317931652069092,1.8951499462127686,11044329.10139877,5.052631578947368,16.02631578947369,0.0,1813.0
2025-12-19 00:20:34,yarsrevenge,True,gpu,12th Gen Intel(R) Core(TM) i9-12900KF,NVIDIA GeForce RTX 5070,12227.0,1024,25600000,107.85743427276611,1.8308963775634766,237350.35208846955,6.072235294117647,16.48305882352941,97.29411764705883,2350.495294117647
2025-12-20 16:27:49,kangaroo,False,gpu,12th Gen Intel(R) Core(TM) i9-12900KF,NVIDIA GeForce RTX 5070,12227.0,128,3200000,3.1949973106384277,2.6070032119750977,1001565.788285616,5.288461538461538,13.734615384615385,21.923076923076923,1145.423076923077
2025-12-20 16:28:16,kangaroo,True,gpu,12th Gen Intel(R) Core(TM) i9-12900KF,NVIDIA GeForce RTX 5070,12227.0,128,3200000,22.558534622192383,3.191009283065796,141853.18566091344,6.741884816753926,13.812041884816754,75.49214659685863,1216.0261780104713
2025-12-20 16:28:58,kangaroo,False,gpu,12th Gen Intel(R) Core(TM) i9-12900KF,NVIDIA GeForce RTX 5070,12227.0,512,12800000,3.4207098484039307,2.580470561981201,3741913.3943711575,5.824137931034482,13.9551724137931,22.93103448275862,1222.3103448275863
2025-12-20 16:30:00,kangaroo,True,gpu,12th Gen Intel(R) Core(TM) i9-12900KF,NVIDIA GeForce RTX 5070,12227.0,512,12800000,57.69715714454651,3.167980432510376,221848.01874956582,5.434362139917695,14.02798353909465,91.01234567901234,1317.5884773662551
2025-12-20 16:32:28,kangaroo,False,gpu,12th Gen Intel(R) Core(TM) i9-12900KF,NVIDIA GeForce RTX 5070,12227.0,128,3200000,3.2106621265411377,2.5742692947387695,996679.150243497,6.0,14.155555555555555,31.74074074074074,1120.2962962962963
2025-12-20 16:32:48,kangaroo,True,gpu,12th Gen Intel(R) Core(TM) i9-12900KF,NVIDIA GeForce RTX 5070,12227.0,128,3200000,15.296105146408081,2.988278865814209,209203.58283176698,5.4,14.336923076923078,68.00769230769231,1148.123076923077
2025-12-20 16:33:06,kangaroo,False,gpu,12th Gen Intel(R) Core(TM) i9-12900KF,NVIDIA GeForce RTX 5070,12227.0,512,12800000,3.504011392593384,2.670182466506958,3652956.1596335117,7.9862068965517246,14.10344827586207,17.20689655172414,1168.6896551724137
2025-12-20 16:33:42,kangaroo,True,gpu,12th Gen Intel(R) Core(TM) i9-12900KF,NVIDIA GeForce RTX 5070,12227.0,512,12800000,31.65326476097107,3.1130716800689697,404381.66794670053,6.219245283018868,14.329811320754718,83.71320754716982,1269.7018867924528
2025-12-20 16:35:04,kangaroo,False,gpu,12th Gen Intel(R) Core(TM) i9-12900KF,NVIDIA GeForce RTX 5070,12227.0,512,12800000,3.4982595443725586,2.9532203674316406,3658962.3604659624,7.513793103448276,14.224137931034482,34.03448275862069,1174.8275862068965
2025-12-20 16:35:42,kangaroo,True,gpu,12th Gen Intel(R) Core(TM) i9-12900KF,NVIDIA GeForce RTX 5070,12227.0,512,12800000,32.5168673992157,3.0479471683502197,393641.85494414304,11.964074074074075,14.791111111111107,83.81111111111112,2342.4777777777776
2025-12-20 16:38:51,kangaroo,False,gpu,12th Gen Intel(R) Core(TM) i9-12900KF,NVIDIA GeForce RTX 5070,12227.0,512,12800000,3.4406023025512695,2.658540964126587,3720278.856556181,7.064285714285714,14.246428571428572,20.678571428571427,1149.642857142857
2025-12-20 16:39:31,kangaroo,True,gpu,12th Gen Intel(R) Core(TM) i9-12900KF,NVIDIA GeForce RTX 5070,12227.0,512,12800000,31.334180116653442,3.041973829269409,408499.59859639267,5.319465648854962,14.381679389312977,82.51908396946565,1236.0610687022902
2026-01-02 18:14:21,backgammon,False,gpu,12th Gen Intel(R) Core(TM) i9-12900KF,NVIDIA GeForce RTX 5070,12227.0,64,1600000,85.10226583480835,6.53772234916687,18800.90952109023,7.289285714285715,18.36057142857143,91.65,2557.99
2026-01-02 18:17:34,backgammon,False,gpu,12th Gen Intel(R) Core(TM) i9-12900KF,NVIDIA GeForce RTX 5070,12227.0,128,3200000,174.06580185890198,6.482028245925903,18383.852346791962,5.813319386331938,18.83960948396095,95.83891213389121,2542.094839609484
2026-01-14 14:33:03,Breakout,False,gpu,12th Gen Intel(R) Core(TM) i9-12900KF,NVIDIA GeForce RTX 5070,12227.0,8,400000,2.1109514236450195,1.3245818614959717,189488.01735537453,5.2176470588235295,17.047058823529415,27.352941176470587,1444.9411764705883
2026-01-14 14:33:17,Breakout,True,gpu,12th Gen Intel(R) Core(TM) i9-12900KF,NVIDIA GeForce RTX 5070,12227.0,8,400000,10.477715253829956,1.3943471908569336,38176.261743111085,5.625000000000001,17.239772727272726,47.05681818181818,1447.9545454545455
2026-01-14 14:33:36,Breakout,False,gpu,12th Gen Intel(R) Core(TM) i9-12900KF,NVIDIA GeForce RTX 5070,12227.0,8,400000,2.0093417167663574,1.3399584293365479,199070.1714209775,5.79375,17.2625,37.125,1446.25
2026-01-14 14:33:50,Breakout,True,gpu,12th Gen Intel(R) Core(TM) i9-12900KF,NVIDIA GeForce RTX 5070,12227.0,8,400000,10.397078514099121,1.3945283889770508,38472.34580921686,5.317045454545455,17.272727272727277,44.20454545454545,1449.3636363636363
